3012;Бурятия;Улан-Удэ
30130;Бурятия;Нижнеангарск
30130;Бурятия;Северобайкальск
30131;Бурятия;Баргузин
30132;Бурятия;Таксимо
30133;Бурятия;Бичура
30134;Бурятия;Петропавловка
30135;Бурятия;Сосново-Озерское
30136;Бурятия;Заиграево
30137;Бурятия;Закаменск
30138;Бурятия;Кабанск
30140;Бурятия;Иволгинск
30141;Бурятия;Кижинга
30142;Бурятия;Кяхта
30143;Бурятия;Мухоршибирь
30144;Бурятия;Турунтаево
30145;Бурятия;Гусиноозерск
30146;Бурятия;Тарбагатай
30148;Бурятия;Хоринск
30149;Бурятия;Курумкан
3022;Читинская область;Чита
30230;Читинская область;Красный Чикой
30231;Читинская область;Акша
30232;Читинская область;Балей
30233;Читинская область;Борзя
30234;Читинская область;Карымское
30235;Читинская область;Кыра
30236;Читинская область;Петровск-Забайкальск
30237;Читинская область;Хилок
30238;Читинская область;Улеты
30239;Бурятский АО;Агинское
30241;Читинская область;Могоча
30242;Читинская область;Нерчинск
30243;Читинская область;Приаргунск
30244;Читинская область;Шилка
30245;Читинская область;Краснокаменск
30246;Читинская область;Сретенск
30248;Читинская область;Нерчинский Завод
30249;Читинская область;Калга
30251;Читинская область;Забайкальск
30252;Читинская область;Нижний Цасучей
30253;Читинская область;Оловянная
30255;Читинская область;Моготуй
30256;Читинская область;Дульдурга
30257;Читинская область;Горный
30261;Читинская область;Чара
30264;Читинская область;Верх-Усугли
30265;Читинская область;Чернышевск
30266;Читинская область;Шелопугино
3412;Удмуртия;Ижевск
34130;Удмуртия;Ува
34132;Удмуртия;Каракулино
34133;Удмуртия;Киясово
34134;Удмуртия;Игра
34136;Удмуртия;Шаркан
34138;Удмуртия;Малая Пурга
34139;Удмуртия;Можга
34141;Удмуртия;Глазов
34145;Удмуртия;Воткинск
34147;Удмуртия;Сарапул
34150;Удмуртия;Алнаши
34151;Удмуртия;Дебесы
34152;Удмуртия;Сюмси
34153;Удмуртия;Камбарка
34154;Удмуртия;Кизнер
34155;Удмуртия;Вавож
34157;Удмуртия;Яр
34158;Удмуртия;Кез
34159;Удмуртия;Селты
34161;Удмуртия;Юкаменское
34162;Удмуртия;Якшур-Бодья
34163;Удмуртия;Грахово
34164;Удмуртия;Красногорское
34166;Удмуртия;Балезино
342;Пермская область;Звездный
342;Пермская область;Пермь
342;Пермская область;Усть Качка
3424;Пермская область;Березники
3424;Пермская область;Усолье
34240;Пермская область;Чердынь
34241;Пермская область;Чайковский
34243;Пермская область;Красновишерск
34245;Пермская область;Гайны
34246;Пермская область;Юсьва
34248;Пермская область;Губаха
34249;Пермская область;Лысьва
34250;Пермская область;Гремячинск
34251;Пермская область;Березовка
34252;Пермская область;Усть Кишерть
34253;Пермская область;Соликамск
34254;Пермская область;Верещагино
34255;Пермская область;Кизел
34256;Пермская область;Чусовой
34257;Пермская область;Большая Сосновая
34258;Пермская область;Орда
34259;Пермская область;Уинское
34260;Пермская область;Кудымкар
34261;Пермская область;Чернушка
34262;Пермская область;Куеда
34265;Пермская область;Добрянка
34266;Пермская область;Октябрьский
34268;Пермская область;Частые
34269;Пермская область;Горнозаводск
34271;Пермская область;Кунгур
34272;Пермская область;Нытва
34273;Пермская область;Краснокамск
34274;Пермская область;Александровск
34275;Пермская область;Суксун
34276;Пермская область;Ильинский
34277;Пермская область;Сива
34278;Пермская область;Очер
34279;Пермская область;Оханск
34291;Пермская область;Оса
34292;Пермская область;Барда
34294;Пермская область;Юрла
34296;Пермская область;Елово
34297;Пермская область;Карагай
34298;Пермская область;Коса
343;Свердловская область;Екатеринбург
34341;Свердловская область;Качканар
34342;Свердловская область;Нижняя Тура
34343;Свердловская область;Красноуральск
34344;Свердловская область;Кушва
34345;Свердловская область;Верхняя Салда
34346;Свердловская область;Алапаевск
34347;Свердловская область;Таборы
34349;Свердловская область;Туринск
3435;Свердловская область;Нижний Тагил
34350;Свердловская область;Полевской
34355;Свердловская область;Ирбит
34356;Свердловская область;Невьянск
34357;Свердловская область;Кировоград
34358;Свердловская область;Шаля
34360;Свердловская область;Тавда
34361;Свердловская область;Туринская Слобода
34362;Свердловская область;Байкалово
34363;Свердловская область;Артемовский
34364;Свердловская область;Реж
34365;Свердловская область;Асбест
34367;Свердловская область;Тугулым
34368;Свердловская область;Верхняя Пышма
34369;Свердловская область;Березовский
34370;Свердловская область;Новоуральск
34371;Свердловская область;Талица
34372;Свердловская область;Пышма
34373;Свердловская область;Сухой Лог
34374;Свердловская область;Сысерть
34375;Свердловская область;Камышлов
34376;Свердловская область;Богданович
34377;Свердловская область;Белоярский
34380;Свердловская область;Североуральск
34383;Свердловская область;Карпинск
34384;Свердловская область;Краснотурьинск
34385;Свердловская область;Серов
34386;Свердловская область;Ивдель
34388;Свердловская область;Новая Ляля
34389;Свердловская область;Верхотурье
3439;Свердловская область;Каменск-Уральский
34391;Свердловская область;Арти
34391;Свердловская область;Ачит
34392;Свердловская область;Первоуральск
34394;Свердловская область;Красноуфимск
34397;Свердловская область;Ревда
34398;Свердловская область;Нижние Серги
3452;Тюменская область;Тюмень
34531;Тюменская область;Ярково
34533;Тюменская область;Нижняя Тавда
34535;Тюменская область;Ялуторовск
34537;Тюменская область;Исетское
34541;Тюменская область;Упорово
34542;Тюменская область;Заводоуковск
34543;Тюменская область;Юргинское
34544;Тюменская область;Омутинский
34545;Тюменская область;Аромашево
34546;Тюменская область;Голышманово
34547;Тюменская область;Армизонское
34550;Тюменская область;Большое Сорокино
34551;Тюменская область;Ишим
34553;Тюменская область;Казанское
34554;Тюменская область;Бердюжье
34555;Тюменская область;Сладково
34556;Тюменская область;Абатский
34557;Тюменская область;Викулово
3456;Тюменская область;Тобольск
34561;Тюменская область;Уват
3462;Тюменская область;Сургут
3463;Тюменская область;Нефтеюганск
3463;Тюменская область;Пыть-Ях
34638;Тюменская область;Лянтор
3466;Тюменская область;Нижневартовск
34663;Тюменская область;Мегион
34667;Тюменская область;Когалым
34668;Тюменская область;Радужный
34669;Тюменская область;Лангепас
34669;Тюменская область;Покачи
34671;Тюменская область;Ханты-Мансийск
34672;Тюменская область;Нягань
34674;Тюменская область;Березово
34675;Тюменская область;Советский
34675;Тюменская область;Югорск
34676;Тюменская область;Урай
34677;Тюменская область;Кондинское
34677;Тюменская область;Междуреченский
34678;Тюменская область;Октябрьское
347;Башкортостан;Уфа
3473;Башкортостан;Стерлитамак
34731;Башкортостан;Агидель
34739;Башкортостан;Стерлибашево
34740;Башкортостан;Красноусольский
34741;Башкортостан;Ермекеево
34742;Башкортостан;Бакалы
34743;Башкортостан;Бижбуляк
34744;Башкортостан;Караидель
34745;Башкортостан;Толбазы
34746;Башкортостан;Федоровка
34747;Башкортостан;Языково
34748;Башкортостан;Верхние Киги
34749;Башкортостан;Мишкино
34750;Башкортостан;Новобелокатай
34751;Башкортостан;Баймак
34752;Башкортостан;Зилаир
34754;Башкортостан;Раевский
34756;Башкортостан;Бураево
34757;Башкортостан;Ермолаево
34758;Башкортостан;Акъяр
34759;Башкортостан;Николо-Березовка
34760;Башкортостан;Янаул
34761;Башкортостан;Кумертау
34762;Башкортостан;Верхнеяркеево
34763;Башкортостан;Салават
34764;Башкортостан;Мелеуз
34765;Башкортостан;Кармаскалы
34766;Башкортостан;Благовещенск
34767;Башкортостан;Октябрьский
34768;Башкортостан;Давлеканово
34769;Башкортостан;Шаран
34770;Башкортостан;Большеустьикинское
34771;Башкортостан;Аскино
34772;Башкортостан;Аскарово
34773;Башкортостан;Буздяк
34774;Башкортостан;Архангельское
34775;Башкортостан;Сибай
34776;Башкортостан;Красная Горка
34777;Башкортостан;Малояз
34778;Башкортостан;Верхние Татышлы
34779;Башкортостан;Калтасы
34780;Башкортостан;Кушнаренково
34782;Башкортостан;Туймазы
34783;Башкортостан;Нефтекамск
34784;Башкортостан;Бирск
34785;Башкортостан;Исянгулово
34786;Башкортостан;Белебей
34787;Башкортостан;Дюртюли
34788;Башкортостан;Киргиз-Мияки
34789;Башкортостан;Мраково
34791;Башкортостан;Учалы
34792;Башкортостан;Белорецк
34794;Башкортостан;Ишимбай
34795;Башкортостан;Иглино
34796;Башкортостан;Чекмагуш
34797;Башкортостан;Чишмы
34798;Башкортостан;Месягутово
34922;Ямало-Ненецкий округ;Салехард
34932;Ямало-Ненецкий округ;Красноселькуп
34936;Ямало-Ненецкий округ;Губкинский
3494;Ямало-Ненецкий округ;Новый Уренгой
34940;Ямало-Ненецкий округ;Тазовский
34948;Ямало-Ненецкий округ;Харп
3496;Ямало-Ненецкий округ;Ноябрьск
3499;Ямало-Ненецкий округ;Надым
34992;Ямало-Ненецкий округ;Лабытнанги
34993;Ямало-Ненецкий округ;Аксарка
34994;Ямало-Ненецкий округ;Мужи
34996;Ямало-Ненецкий округ;Яр Сале
34997;Ямало-Ненецкий округ;Тарко-Сале
351;Челябинская область;Челябинск
3513;Челябинская область;Златоуст
3513;Челябинская область;Миасс
35130;Челябинская область;Озерск
35131;Челябинская область;Аргаяш
35133;Челябинская область;Карталы
35134;Челябинская область;Южноуральск
35138;Челябинская область;Еманжелинск
35139;Челябинская область;Копейск
35140;Челябинская область;Агаповка
35141;Челябинская область;Бреды
35142;Челябинская область;Варна
35143;Челябинская область;Верхнеуральск
35144;Челябинская область;Долгодеревенское
35145;Челябинская область;Еткуль
35146;Челябинская область;Снежинск
35147;Челябинская область;Катав-Ивановск
35148;Челябинская область;Кунашак
35149;Челябинская область;Касли
35150;Челябинская область;Миасское
35151;Челябинская область;Кыштым
35152;Челябинская область;Коркино
35153;Челябинская область;Карабаш
35154;Челябинская область;Куса
35155;Челябинская область;Кизильское
35156;Челябинская область;Нязепетровск
35157;Челябинская область;Фершампенуаз
35158;Челябинская область;Октябрьское
35159;Челябинская область;Аша
35159;Челябинская область;Миньяр
35160;Челябинская область;Пласт
35161;Челябинская область;Сатка
35163;Челябинская область;Троицк
35164;Челябинская область;Верхний Уфалей
35165;Челябинская область;Уйское
35166;Челябинская область;Увельский
35167;Челябинская область;Усть Катав
35168;Челябинская область;Чебаркуль
35169;Челябинская область;Чесма
3519;Челябинская область;Магнитогорск
35191;Челябинская область;Трехгорный
3522;Курганская область;Курган
35230;Курганская область;Частоозерье
35231;Курганская область;Кетово
35232;Курганская область;Белозерское
35233;Курганская область;Варгаши
35234;Курганская область;Мокроусово
35235;Курганская область;Петухово
35236;Курганская область;Макушино
35237;Курганская область;Лебяжье
35238;Курганская область;Половинное
35239;Курганская область;Глядянское
35240;Курганская область;Звериноголовское
35241;Курганская область;Целинное
35242;Курганская область;Альменево
35243;Курганская область;Сафакулево
35244;Курганская область;Щучье
35245;Курганская область;Шумиха
35247;Курганская область;Мишкино
35248;Курганская область;Юргамыш
35249;Курганская область;Куртамыш
35251;Курганская область;Катайск
35252;Курганская область;Далматово
35253;Курганская область;Шадринск
35256;Курганская область;Каргаполье
35257;Курганская область;Шатрово
3532;Оренбургская область;Оренбург
35330;Оренбургская область;Октябрьское
35331;Оренбургская область;Сакмара
35332;Оренбургская область;Тюльган
35333;Оренбургская область;Саракташ
35334;Оренбургская область;Беляевка
35335;Оренбургская область;Акбулак
35336;Оренбургская область;Соль-Илецк
35337;Оренбургская область;Илек
35338;Оренбургская область;Переволоцкий
35339;Оренбургская область;Новосергиевка
35341;Оренбургская область;Курманаевка
35342;Оренбургская область;Бузулук
35344;Оренбургская область;Грачевка
35345;Оренбургская область;Плешаново
35346;Оренбургская область;Сорочинск
35347;Оренбургская область;Ташла
35348;Оренбургская область;Первомайский
35349;Оренбургская область;Тоцкое
35351;Оренбургская область;Асекеево
35352;Оренбургская область;Бугуруслан
35354;Оренбургская область;Северное
35355;Оренбургская область;Абдулино
35356;Оренбургская область;Матвеевка
35357;Оренбургская область;Пономаревка
35358;Оренбургская область;Шарлык
35359;Оренбургская область;Александровка
35361;Оренбургская область;Кувандык
35362;Оренбургская область;Гай
35363;Оренбургская область;Новоорск
35364;Оренбургская область;Кваркено
35365;Оренбургская область;Адамовка
35366;Оренбургская область;Светлый
35367;Оренбургская область;Домбаровский
35368;Оренбургская область;Ясный
3537;Оренбургская область;Новотроицк
3537;Оренбургская область;Орск
35379;Оренбургская область;Медногорск
3812;Омская область;Омск
38141;Омская область;Азово
38150;Омская область;Усть Ишим
38151;Омская область;Таврическое
38152;Омская область;Нововаршавка
38153;Омская область;Черлак
38154;Омская область;Тевриз
38155;Омская область;Калачинск
38156;Омская область;Русская Поляна
38157;Омская область;Горьковское
38158;Омская область;Муромцево
38159;Омская область;Одесское
38160;Омская область;Колосовка
38161;Омская область;Называевск
38162;Омская область;Большие Уки
38163;Омская область;Полтавка
38164;Омская область;Седельниково
38165;Омская область;Нижняя Омка
38166;Омская область;Оконешниково
38167;Омская область;Крутинка
38168;Омская область;Марьяновка
38169;Омская область;Большеречье
38170;Омская область;Кормиловка
38171;Омская область;Тара
38172;Омская область;Павлоградка
38173;Омская область;Исилькуль
38174;Омская область;Москаленки
38175;Омская область;Любинский
38176;Омская область;Тюкалинск
38177;Омская область;Щербакуль
38178;Омская область;Саргатское
3822;Томская область;Томск
3823;Томская область;Северск
38241;Томская область;Асино
38243;Томская область;Зырянское
38244;Томская область;Кожевниково
38245;Томская область;Первомайское
38246;Томская область;Тегульдет
38247;Томская область;Мельниково
38250;Томская область;Кедровый
38251;Томская область;Кривошеино
38252;Томская область;Парабель
38253;Томская область;Каргасок
38254;Томская область;Колпашево
38255;Томская область;Александровское
38256;Томская область;Молчаново
38257;Томская область;Подгорное
38258;Томская область;Белый Яр
38259;Томская область;Стрежевой
383;Новосибирская область;Новосибирск
38340;Новосибирская область;Тогучин
38341;Новосибирская область;Бердск
38343;Новосибирская область;Искитим
38345;Новосибирская область;Черепаново
38346;Новосибирская область;Сузун
38347;Новосибирская область;Маслянино
38348;Новосибирская область;Мошково
38349;Новосибирская область;Болотное
38350;Новосибирская область;Чулым
38351;Новосибирская область;Коченево
38352;Новосибирская область;Колывань
38353;Новосибирская область;Баган
38354;Новосибирская область;Довольное
38355;Новосибирская область;Карасук
38356;Новосибирская область;Кочки
38357;Новосибирская область;Краснозерское
38358;Новосибирская область;Купино
38359;Новосибирская область;Ордынское
38360;Новосибирская область;Северное
38361;Новосибирская область;Барабинск
38362;Новосибирская область;Куйбышев
38363;Новосибирская область;Здвинск
38364;Новосибирская область;Татарск
38365;Новосибирская область;Каргат
38366;Новосибирская область;Убинское
38367;Новосибирская область;Чаны
38368;Новосибирская область;Чистоозерное
38369;Новосибирская область;Венгерово
38371;Новосибирская область;Кыштовка
38372;Новосибирская область;Усть Тарка
38373;Новосибирская область;Обь
3842;Кемеровская область;Кемерово
3843;Кемеровская область;Новокузнецк
38441;Кемеровская область;Яя
38442;Кемеровская область;Промышленная
38443;Кемеровская область;Мариинск
38444;Кемеровская область;Верхняя-Чебула
38445;Кемеровская область;Березовский
38446;Кемеровская область;Крапивинский
38447;Кемеровская область;Тисуль
38448;Кемеровская область;Тайга
38449;Кемеровская область;Тяжинский
38451;Кемеровская область;Юрга
38452;Кемеровская область;Белово
38453;Кемеровская область;Анжеро-Судженск
38454;Кемеровская область;Топки
38455;Кемеровская область;Яшкино
38456;Кемеровская область;Ленинск-Кузнецкий
38459;Кемеровская область;Ижморский
3846;Кемеровская область;Прокопьевск
38463;Кемеровская область;Гурьевск
38464;Кемеровская область;Киселевск
38471;Кемеровская область;Осинники
38473;Кемеровская область;Таштагол
38474;Кемеровская область;Мыски
38475;Кемеровская область;Междуреченск
38510;Алтайский край;Панкрушиха
38511;Алтайский край;Павловск
38512;Алтайский край;Ребриха
38513;Алтайский край;Мамонтово
38514;Алтайский край;Камень-На-Оби
38515;Алтайский край;Баево
38516;Алтайский край;Горняк
38517;Алтайский край;Змеиногорск
38518;Алтайский край;Тюменцево
38519;Алтайский край;Крутиха
3852;Алтайский край;Барнаул
38530;Алтайский край;Зональное
38531;Алтайский край;Косиха
38532;Алтайский край;Новоалтайск
38533;Алтайский край;Солтон
38534;Алтайский край;Троицкое
38535;Алтайский край;Красногорское
38536;Алтайский край;Смоленское
38537;Алтайский край;Алтайский
38539;Алтайский край;Гальбштадт
3854;Алтайский край;Бийск
38550;Алтайский край;Шипуново
38551;Алтайский край;Калманка
38552;Алтайский край;Топчиха
38553;Алтайский край;Алейск
38554;Алтайский край;Усть Чарышская Пристань
38555;Алтайский край;Новичиха
38556;Алтайский край;Поспелиха
38557;Алтайский край;Рубцовск
38558;Алтайский край;Шелаболиха
38559;Алтайский край;Староалейское
38560;Алтайский край;Новоегорьевское
38561;Алтайский край;Романово
38562;Алтайский край;Завьялово
38563;Алтайский край;Родино
38564;Алтайский край;Благовещенка
38565;Алтайский край;Волчиха
38566;Алтайский край;Кулунда
38567;Алтайский край;Табуны
38568;Алтайский край;Славгород
38569;Алтайский край;Хабары
38570;Алтайский край;Михайловский
38571;Алтайский край;Быстрый Исток
38572;Алтайский край;Бурла
38573;Алтайский край;Петропавловское
38574;Алтайский край;Чарышское
38575;Алтайский край;Краснощеково
38576;Алтайский край;Курья
38577;Алтайский край;Белокуриха
38578;Алтайский край;Ключи
38579;Алтайский край;Угловское
38590;Алтайский край;Кытманово
38591;Алтайский край;Тальменка
38592;Алтайский край;Залесово
38593;Алтайский край;Ельцовка
38594;Алтайский край;Солонешное
38595;Алтайский край;Заринск
38596;Алтайский край;Целинное
38597;Алтайский край;Тогул
38598;Алтайский край;Советское
38599;Алтайский край;Усть Калманка
38822;Алтайская Республика;Горно-Алтайск
38840;Алтайская Республика;Чоя
38841;Алтайская Республика;Чемал
38842;Алтайская Республика;Кош-Агач
38843;Алтайская Республика;Турочак
38844;Алтайская Республика;Майма
38845;Алтайская Республика;Онгудай
38847;Алтайская Республика;Усть Кан
38848;Алтайская Республика;Усть Кокса
38849;Алтайская Республика;Шебалино
3902;Хакасия;Абакан
39031;Хакасия;Черногорск
39032;Хакасия;Усть Абакан
39033;Хакасия;Сорск
39034;Хакасия;Боград
39035;Хакасия;Шира
39036;Хакасия;Копьево
39041;Хакасия;Белый Яр
39042;Хакасия;Саяногорск
39044;Хакасия;Бея
39045;Хакасия;Аскиз
39046;Хакасия;Таштып
39047;Хакасия;Абаза
39112;Красноярский край;Игарка
39113;Красноярский край;Тура
39115;Красноярский край;Енисейск
39117;Красноярский край;Пировское
39118;Красноярский край;Большая Мурта
39119;Красноярский край;Сухобузимское
3912;Красноярский край;Красноярск
39131;Красноярский край;Сосновоборск
39132;Красноярский край;Минусинск
39133;Красноярский край;Емельяново
39133;Красноярский край;Кедровый
39134;Красноярский край;Краснотуранск
39135;Красноярский край;Идринское
39136;Красноярский край;Курагино
39137;Красноярский край;Каратузское
39138;Красноярский край;Ермаковское
39139;Красноярский край;Шушенское
39140;Красноярский край;Партизанское
39141;Красноярский край;Мотыгино
39142;Красноярский край;Агинское
39143;Красноярский край;Кодинск
39144;Красноярский край;Дивногорск
39145;Красноярский край;Лесосибирск
39146;Красноярский край;Уяр
39147;Красноярский край;Новоселово
39148;Красноярский край;Балахта
39149;Красноярский край;Шалинское
39150;Красноярский край;Новобирилюссы
39151;Красноярский край;Ачинск
39153;Красноярский край;Шарыпово
39154;Красноярский край;Козулька
39155;Красноярский край;Назарово
39156;Красноярский край;Ужур
39157;Красноярский край;Боготол
39158;Красноярский край;Тюхтет
39159;Красноярский край;Большой Улуй
39161;Красноярский край;Канск
39162;Красноярский край;Богучаны
39163;Красноярский край;Абан
39164;Красноярский край;Тасеево
39165;Красноярский край;Заозерный
39167;Красноярский край;Дзержинское
39168;Красноярский край;Бородино
39169;Красноярский край;Зеленогорск
39171;Красноярский край;Нижний Ингаш
391722;Красноярский край;Снежногорск
39173;Красноярский край;Иланский
39174;Красноярский край;Ирбейское
39175;Красноярский край;Березовка
3919;Красноярский край;Норильск
39422;Тува;Кызыл
39436;Тува;Шагонар
39437;Тувинская область;Бай-Хаак
3951;Иркутская область;Ангарск
39510;Иркутская область;Шелехов
39512;Иркутская область;Залари
39513;Иркутская область;Саянск
39514;Иркутская область;Зима
39517;Иркутская область;Нижнеудинск
3952;Иркутская область;Иркутск
3953;Иркутская область;Братск
39535;Иркутская область;Усть Илимск
39541;Иркутская область;Усть Ордынский
39542;Иркутская область;Байкальск
39543;Сибирское Иркутская область;Усолье
39544;Иркутская область;Слюдянка
39545;Иркутская область;Усть Уда
39546;Иркутская область;Черемхово
39549;Иркутская область;Новонукутский
39562;Иркутская область;Казачинское
39563;Иркутская область;Тайшет
39565;Иркутская область;Усть Кут
39566;Иркутская область;Железногорск-Илимский
39567;Иркутская область;Чунский
39568;Иркутская область;Киренск
39573;Иркутская область;Свирск
4012;Калининградская область;Калининград
40141;Калининградская область;Черняховск
40142;Калининградская область;Озерск
40143;Калининградская область;Гусев
40144;Калининградская область;Нестеров
40145;Калининградская область;Балтийск
40150;Калининградская область;Зеленоградск
40151;Калининградская область;Гурьевск
40152;Калининградская область;Светлый
40153;Калининградская область;Светлогорск
40155;Калининградская область;Пионерский
40156;Калининградская область;Багратионовск
40157;Калининградская область;Правдинск
40158;Калининградская область;Полесск
40159;Калининградская область;Гвардейск
40161;Калининградская область;Советск
40162;Калининградская область;Неман
40163;Калининградская область;Славск
40164;Калининградская область;Краснознаменск
4112;Якутская Саха;Якутск
41131;Якутская Саха;Бердигестях
41132;Якутская Саха;Вилюйск
41133;Якутская Саха;Верхневилюйск
41134;Якутская Саха;Нюрба
41135;Якутская Саха;Сунтар
41136;Якутская область;Мирный
41137;Якутская Саха;Ленск
41138;Якутская Саха;Олекминск
41140;Якутская область;Солнечный
41141;Якутская Саха;Усть Мая
41142;Якутская Саха;Амга
41143;Якутская Саха;Майя
41144;Якутская Саха;Покровск
41145;Якутская Саха;Алдан
41147;Якутская Саха;Нерюнгри
41151;Якутская Саха;Чурапча
41152;Якутская Саха;Ытык Кюель
41153;Якутская Саха;Хандыга
41154;Якутская Саха;Усть Нера
41155;Якутская Саха;Зырянка
41157;Якутская Саха;Черский
41160;Якутская Саха;Батагай-Алыта
41161;Якутская Саха;Борогонцы
41162;Якутская Саха;Намцы
41163;Якутская Саха;Сангар
41167;Якутская Саха;Тикси
41168;Якутская Саха;Саскылах
4132;Магаданская область;Магадан
41341;Магаданская область;Ола
41342;Магаданская область;Палатка
41343;Магаданская область;Ягодное
41344;Магаданская область;Усть Омчуг
41345;Магаданская область;Сусуман
41346;Магаданская область;Омсукчан
41347;Магаданская область;Сеймчан
41522;Камчатка;Петропавловск-Камчатск
41531;Камчатка;Елизово
41532;Камчатка;Усть Большерецк
41533;Камчатка;Мильково
41534;Камчатка;Усть Камчатск
41537;Камчатка;Тигиль
41539;Камчатка;Усть Хайрюзово
41542;Камчатка;Эссо
41543;Камчатка;Палана
41544;Камчатка;Тиличики
41546;Камчатка;Каменское
4162;Амурский край;Благовещенск
41634;Амурский край;Новобурейск
41636;Амурский край;Завитинск
41637;Амурский край;Поярково
41638;Амурский край;Тамбовка
41639;Амурский край;Константиновка
41641;Амурский край;Белогорск
41642;Амурский край;Серышево
41643;Амурский край;Свободный
41644;Амурский край;Новокиевский Увал
41645;Амурский край;Ромны
41647;Амурский край;Райчихинск
41648;Амурский край;Архара
41649;Амурский край;Ивановка
41651;Амурский край;Шимановск
41652;Амурский край;Екатеринославка
41653;Амурский край;Магдагачи
41654;Амурский край;Сковородино
41655;Амурский край;Февральск
41656;Амурский край;Тында
41658;Амурский край;Зея
4212;Хабаровский край;Хабаровск
42135;Хабаровский край;Николаевск-На-Амуре
42137;Хабаровский край;Ванино
42138;Хабаровский край;Советская Гавань
42141;Хабаровский край;Охотск
42142;Хабаровский край;Амурск
42146;Хабаровский край;Солнечный
42149;Хабаровский край;Чегдомын
42151;Хабароский;Богородское
42153;Хабаровский край;Вяземский
42154;Хабаровский край;Переяславка
42155;Хабаровский край;Бикин
42156;Хабаровский край;Троицкое
4217;Хабаровский край;Комсомольск-На-Амуре
4232;Приморский край;Владивосток
42331;Приморский край;Славянка
42334;Приморский край;Вольно-Надеждинское
42335;Приморский край;Большой Камень
42339;Приморский край;Фокино
4234;Приморский край;Уссурийск
42344;Приморский край;Покровка
42345;Приморский край;Пограничный
42346;Приморский край;Михайловка
42347;Приморский край;Хороль
42349;Приморский край;Камень-Рыболов
42351;Приморский край;Черниговка
42352;Приморский край;Спасск-Дальний
42354;Приморский край;Кировский
42355;Приморский край;Лесозаводск
42356;Приморский край;Дальнереченск
42357;Приморский край;Лучегорск
42359;Приморский край;Новопокровка
4236;Приморский край;Находка
42361;Приморский край;Арсеньев
42362;Приморский край;Анучино
42363;Приморский край;Партизанск
423630;Приморский край;Партизанск
42365;Приморский край;Владимиро-Александров
42371;Приморский край;Яковлевка
42372;Приморский край;Чугуевка
42373;Приморский край;Дальнегорск
42374;Приморский край;Терней
42375;Приморский край;Кавалерово
42376;Приморский край;Ольга
42377;Приморский край;Лазо
4242;Сахалин;Южно-Сахалинск
42422;Сахалин;Южно-Сахалинск
42431;Сахалин;Поронайск
42432;Сахалин;Углегорск
42433;Сахалин;Холмск
42434;Сахалин;Александров-Сахалинский
424340;Сахалин;Александров-Сахалинский
42435;Сахалин;Корсаков
42436;Сахалин;Невельск
42437;Сахалин;Оха
42441;Сахалин;Анива
42442;Сахалин;Долинск
42443;Сахалин;Макаров
42444;Сахалин;Ноглики
42446;Сахалин;Томари
42447;Сахалин;Тымовское
42452;Сахалин;Смирных
42454;Сахалин;Курильск
42622;Еврейская область;Биробиджан
42632;Еврейская область;Смидович
42663;Еврейская область;Ленинское
42665;Еврейская область;Амурзет
42666;Еврейская область;Облучье
42722;Чукотка;Анадырь
42732;Чукотка;Угольные Копи
42733;Чукотка;Беринговский
42735;Чукотка;Провидения
42737;Чукотка;Певек
42738;Чукотка;Билибино
4712;Курская область;Курск
47122;Курская область;Курск
47131;Курская область;Курчатов
47132;Курская область;Глушково
47133;Курская область;Горшечное
47134;Курская область;Пристень
47135;Курская область;Поныри
47136;Курская область;Большое Солдатское
47137;Курская область;Хомутовка
47140;Курская область;Льгов
47141;Курская область;Обоянь
47142;Курская область;Прямицыно
47143;Курская область;Суджа
47144;Курская область;Фатеж
47145;Курская область;Щигры
47146;Курская область;Медвенка
47147;Курская область;Коренево
47148;Курская область;Железногорск
47149;Курская область;Белая
47150;Курская область;Дмитриев-Льговский
47151;Курская область;Золотухино
47152;Курская область;Рыльск
47153;Курская область;Тим
47154;Курская область;Солнцево
47155;Курская область;Мантурово
47156;Курская область;Конышевка
47157;Курская область;Касторное
47158;Курская область;Кшенский
47159;Курская область;Черемисиново
4722;Белгородская область;Белгород
47231;Белгородская область;Короча
47232;Белгородская область;Чернянка
47233;Белгородская область;Новый Оскол
47234;Белгородская область;Алексеевка
47235;Белгородская область;Волоконовка
47236;Белгородская область;Валуйки
47237;Белгородская область;Вейделевка
47238;Белгородская область;Ровеньки
47241;Белгородская область;Губкин
47242;Белгородская область;Прохоровка
47243;Белгородская область;Ивня
47244;Белгородская область;Строитель
47245;Белгородская область;Ракитное
47246;Белгородская область;Борисовка
47247;Белгородская область;Красногвардейское
47248;Белгородская область;Шебекино
4725;Белгородская область;Старый Оскол
47261;Белгородская область;Грайворон
47262;Белгородская область;Красное
47263;Белгородская область;Красная Яруга
4732;Воронежская область;Воронеж
47340;Воронежская область;Рамонь
47341;Воронежская область;Новая Усмань
47342;Воронежская область;Каширское
47343;Воронежская область;Верхняя Хава
47344;Воронежская область;Панино
47345;Воронежская область;Эртиль
47346;Воронежская область;Анна
47347;Воронежская область;Терновка
47348;Воронежская область;Грибановский
47350;Воронежская область;Бобров
47352;Воронежская область;Таловая
47353;Воронежская область;Новохоперск
47354;Воронежская область;Борисоглебск
47355;Воронежская область;Верхний Мамон
47356;Воронежская область;Воробьевка
47357;Воронежская область;Каменка
47361;Воронежская область;Бутурлиновка
47362;Воронежская область;Павловск
47363;Воронежская область;Калач
47364;Воронежская область;Нововоронежский
47365;Воронежская область;Петропавловка
47366;Воронежская область;Богучар
47367;Воронежская область;Кантемировка
47370;Воронежская область;Нижнедевицк
47371;Воронежская область;Хохольский
47372;Воронежская область;Семилуки
47374;Воронежская область;Репьевка
47375;Воронежская область;Острогожск
47376;Воронежская область;Поворино
47391;Воронежская область;Лиски
47394;Воронежская область;Подгоренский
47395;Воронежская область;Ольховатка
47396;Воронежская область;Россошь
4742;Липецкая область;Липецк
47461;Липецкая область;Грязи
47462;Липецкая область;Добринка
47463;Липецкая область;Доброе
47464;Липецкая область;Лев Толстой
47465;Липецкая область;Данков
47466;Липецкая область;Лебедянь
47467;Липецкая область;Елец
47468;Липецкая область;Долгоруково
47469;Липецкая область;Красное
47471;Липецкая область;Задонск
47472;Липецкая область;Усмань
47473;Липецкая область;Волово
47474;Липецкая область;Тербуны
47475;Липецкая область;Чаплыгин
47476;Липецкая область;Становое
47477;Липецкая область;Хлевное
47478;Липецкая область;Измалково
4752;Тамбовская область;Тамбов
47531;Тамбовская область;Рассказово
47532;Тамбовская область;Сосновка
47533;Тамбовская область;Моршанск
47534;Тамбовская область;Бондари
47535;Тамбовская область;Жердевка
47536;Тамбовская область;Дмитриевка
47537;Тамбовская область;Кирсанов
47541;Тамбовская область;Котовск
47542;Тамбовская область;Мордово
47543;Тамбовская область;Староюрьево
47544;Тамбовская область;Петровское
47545;Тамбовская область;Мичуринск
47546;Тамбовская область;Мучкапский
47548;Тамбовская область;Первомайский
47551;Тамбовская область;Гавриловка-2
47552;Тамбовская область;Знаменка
47553;Тамбовская область;Инжавино
47554;Тамбовская область;Пичаево
47555;Тамбовская область;Ржакса
47556;Тамбовская область;Сатинка
47557;Тамбовская область;Токаревка
47558;Тамбовская область;Уварово
47559;Тамбовская область;Умет
4812;Смоленская область;Смоленск
48130;Смоленская область;Сычевка
48131;Смоленская область;Вязьма
48132;Смоленская область;Велиж
48133;Смоленская область;Шумячи
48134;Смоленская область;Рославль
48135;Смоленская область;Гагарин
48136;Смоленская область;Темкино
48137;Смоленская область;Угра
48138;Смоленская область;Новодугино
48139;Смоленская область;Холм Жирки
48140;Смоленская область;Хиславичи
48141;Смоленская область;Рудня
48142;Смоленская область;Сафоново
48143;Смоленская область;Ярцево
48144;Смоленская область;Дорогобуж
48145;Смоленская область;Красный
48146;Смоленская область;Ельня
48147;Смоленская область;Демидов
48148;Смоленская область;Монастырщина
48149;Смоленская область;Починок
48153;Смоленская область;Десногорск
48155;Смоленская область;Ершичи
48165;Смоленская область;Глинка
48166;Смоленская область;Духовщина
48167;Смоленская область;Кардымово
48222;Тверская область;Тверь
48230;Тверская область;Пено
48231;Тверская область;Бежецк
48232;Тверская область;Ржев
48233;Тверская область;Вышний Волочек
48234;Тверская область;Кашин
48235;Тверская область;Осташков
48236;Тверская область;Кимры
48237;Тверская область;Красный Холм
48238;Тверская область;Бологое
48239;Тверская область;Фирово
48242;Тверская область;Конаково
48244;Тверская область;Рамешки
48246;Тверская область;Сонково
48249;Тверская область;Калязин
48250;Тверская область;Белый
48251;Тверская область;Торжок
48253;Тверская область;Максатиха
48255;Тверская область;Удомля
48257;Тверская область;Кувшиново
48258;Тверская область;Оленино
48261;Тверская область;Лихославль
48262;Тверская область;Зубцов
48263;Тверская область;Старица
48264;Тверская область;Весьегонск
48265;Двина Тверская область;Западная
48266;Тверская область;Нелидово
48267;Тверская область;Андреаполь
48268;Тверская область;Торопец
48271;Тверская область;Лесное
48272;Тверская область;Сандово
48274;Тверская область;Кесова Гора
48275;Тверская область;Молоково
48276;Тверская область;Спирово
4832;Брянская область;Брянск
48330;Брянская область;Сураж
48331;Брянская область;Рогнедино
48332;Брянская область;Дубровка
48333;Брянская область;Дятьково
48334;Брянская область;Жуковка
48335;Брянская область;Карачев
48336;Брянская область;Клинцы
48338;Брянская область;Клетня
48339;Брянская область;Мглин
48340;Брянская область;Гордеевка
48341;Брянская область;Выгоничи
48342;Брянская область;Навля
48343;Брянская область;Новозыбков
48344;Брянская область;Жирятино
48345;Брянская область;Почеп
48346;Брянская область;Красная Гора
48347;Брянская область;Климово
48348;Брянская область;Стародуб
48349;Брянская область;Погар
48351;Брянская область;Унеча
48352;Брянская область;Трубчевск
48353;Брянская область;Суземка
48354;Брянская область;Локоть
48355;Брянская область;Комаричи
48356;Брянская область;Севск
48358;Брянская область;Злынка
4842;Калужская область;Калуга
48431;Калужская область;Малоярославец
48432;Калужская область;Жуков
48433;Калужская область;Медынь
48434;Калужская область;Кондрово
48435;Калужская область;Таруса
48436;Калужская область;Юхнов
48437;Калужская область;Ферзиково
48438;Калужская область;Балабаново
48438;Калужская область;Боровск
48439;Калужская область;Обнинск
48441;Калужская область;Перемышль
48442;Калужская область;Козельск
48443;Калужская область;Ульяново
48444;Калужская область;Людиново
48445;Калужская область;Жиздра
48446;Калужская область;Мещовск
48447;Калужская область;Думиничи
48448;Калужская область;Бабынино
48449;Калужская область;Износки
48451;Калужская область;Сухиничи
48452;Калужская область;Мосальск
48453;Калужская область;Хвастовичи
48454;Калужская область;Барятино
48455;Калужская область;Спас-Деменск
48456;Калужская область;Киров
48457;Калужская область;Бетлица
4852;Тверская область;Тверь
4852;Ярославская область;Ярославль
48531;Ярославская область;Некрасовское
48532;Ярославская область;Углич
48533;Ярославская область;Тутаев
48534;Ярославская область;Гаврилов Ям
48535;Ярославская область;Переславль-Залесский
48536;Ярославская область;Ростов
48538;Ярославская область;Данилов
48539;Ярославская область;Борисоглебский
48542;Ярославская область;Большое Село
48543;Ярославская область;Любим
48544;Ярославская область;Мышкин
48545;Ярославская область;Брейтово
48546;Ярославская область;Пошехонье
48547;Ярославская область;Новый Некоуз
48549;Ярославская область;Пречистое
4855;Ярославская область;Рыбинск
4862;Орловская область;Орел
48622;Орловская область;Орел
48640;Орловская область;Болхов
48642;Орловская область;Хотынец
48643;Орловская область;Кромы
48644;Орловская область;Шаблыкино
48645;Орловская область;Змиевка
48646;Орловская область;Мценск
48647;Орловская область;Нарышкино
48648;Орловская область;Залегощь
48649;Орловская область;Дмитровск-Орловский
48662;Орловская область;Знаменское
48663;Орловская область;Красная Заря
48664;Орловская область;Покровское
48665;Орловская область;Сосково
48666;Орловская область;Тросна
48667;Орловская область;Корсаково
48672;Орловская область;Долгое
48673;Орловская область;Новосиль
48674;Орловская область;Колпны
48675;Орловская область;Глазуновка
48676;Орловская область;Верховье
48677;Орловская область;Ливны
48678;Орловская область;Хомутово
48679;Орловская область;Малоархангельск
4872;Тульская область;Тула
48731;Тульская область;Узловая
48732;Тульская область;Дубна
48733;Тульская область;Арсеньево
48734;Тульская область;Заокский
48735;Тульская область;Кимовск
48736;Тульская область;Одоев
48741;Тульская область;Ефремов
48742;Тульская область;Белев
48743;Тульская область;Куркино
48744;Тульская область;Архангельское
48745;Тульская область;Венев
48746;Тульская область;Донской
48751;Тульская область;Щекино
48752;Тульская область;Плавск
48753;Тульская область;Алексин
48754;Тульская область;Киреевск
48755;Тульская область;Теплое
48756;Тульская область;Чернь
4876;Тульская область;Ленинский
48761;Тульская область;Богородицк
48762;Тульская область;Новомосковск
48763;Тульская область;Суворов
48766;Тульская область;Ясногорск
48768;Тульская область;Волово
4912;Рязанская область;Рязань
4912;Рязанская область;Солотча
49130;Рязанская область;Михайлов
49131;Рязанская область;Касимов
49132;Рязанская область;Ряжск
49133;Рязанская область;Сасово
49135;Рязанская область;Спасск-Рязанский
49136;Рязанская область;Шилово
49137;Рязанская область;Рыбное
49138;Рязанская область;Чучково
49139;Рязанская область;Кадом
49141;Рязанская область;Новомичуринск
49142;Рязанская область;Спас-Клепики
49143;Рязанская область;Кораблино
49144;Рязанская область;Ермишь
49145;Рязанская область;Пителино
49146;Рязанская область;Путятино
49147;Рязанская область;Шацк
49148;Рязанская область;Сараи
49151;Рязанская область;Старожилово
49152;Рязанская область;Сапожок
49153;Рязанская область;Захарово
49154;Рязанская область;Ухолово
49155;Рязанская область;Пронск
49156;Рязанская область;Скопин
49157;Рязанская область;Милославское
49158;Рязанская область;Александро-Невский
4922;Владимирская область;Владимир
49231;Владимирская область;Суздаль
49232;Владимирская область;Ковров
49233;Владимирская область;Вязники
49234;Владимирская область;Муром
49235;Владимирская область;Судогда
49236;Владимирская область;Красная Горбатка
49237;Владимирская область;Киржач
49238;Владимирская область;Гороховец
49241;Владимирская область;Гусь-Хрустальный
49242;Владимирская область;Собинка
49243;Владимирская область;Петушки
49243;Владимирская область;Покров
49244;Владимирская область;Александров
49245;Владимирская область;Кольчугино
49246;Владимирская область;Юрьев-Польский
49247;Владимирская область;Меленки
49248;Владимирская область;Камешково
49254;Владимирская область;Радужный
493;Ивановская область;Иваново
4932;Ивановская область;Иваново
49331;Ивановская область;Кинешма
49333;Ивановская область;Заволжск
49334;Ивановская область;Палех
49336;Ивановская область;Родники
49337;Ивановская область;Юрьевец
49339;Ивановская область;Плес
49339;Ивановская область;Приволжск
49341;Ивановская область;Фурманов
49343;Ивановская область;Тейково
49344;Ивановская область;Лух
49345;Ивановская область;Пучеж
49346;Ивановская область;Пестяки
49347;Ивановская область;Южа
49349;Ивановская область;Верхний Ландех
49351;Ивановская область;Шуя
49352;Ивановская область;Комсомольск
49353;Ивановская область;Ильинское-Хованское
49354;Ивановская область;Вичуга
49355;Ивановская область;Гаврилов Посад
49356;Ивановская область;Савино
49357;Ивановская область;Лежнево
4942;Костромская область;Кострома
49430;Костромская область;Антропово
49431;Костромская область;Нерехта
49432;Костромская область;Красное-На-Волге
49433;Костромская область;Судиславль
49434;Костромская область;Сусанино
49435;Костромская область;Буй
49436;Костромская область;Солигалич
49437;Костромская область;Галич
49438;Костромская область;Островское
49439;Костромская область;Павино
49440;Костромская область;Парфеньево
49441;Костромская область;Чухлома
49442;Костромская область;Кадый
49443;Костромская область;Кологрив
49444;Костромская область;Нея
49445;Костромская область;Макарьев
49446;Костромская область;Мантурово
49447;Костромская область;Георгиевское
49448;Костромская область;Поназырево
49449;Костромская область;Шарья
49450;Костромская область;Вохма
49451;Костромская область;Боговарово
49452;Костромская область;Пыщуг
49453;Костромская область;Волгореченск
495;Московская область;Москва
496;Моск. обл. Щелковский р-н;Загорянский
496;Моск. обл. Щелковский р-н;Лосино-Петровск
496;Моск. обл. Щелковский р-н;Пос.Биокомбинат
496;Моск. обл. Щелковский р-н;Свердловский
496;Моск. обл. Щелковский р-н;Фрязино
496;Моск. обл. Щелковский р-н;Фряново
496;Московская область;Щелково
4962;Моск. обл. Солнечногорский р-н;Майдарово
4962;Моск. обл. Солнечногорский р-н;Менделеево
4962;Моск. обл. Солнечногорский р-н;Пешки
4962;Моск. обл. Солнечногорский р-н;Поварово
4962;Московская область;Солнечногорск
4962;Моск. обл. Солнечногорский р-н;Тимоново
49620;Моск. обл. Талдомский р-н;Гранит
49620;Моск. обл. Талдомский р-н;Запрудня
49620;Моск. обл. Талдомский р-н;Северный
49620;Московская область;Талдом
49621;Московская область;Дубна
49622;Моск. обл. Дмитровский р-н;Деденево
49622;Московская область;Дмитров
49622;Моск. обл. Дмитровский р-н;Икша
49622;Моск. обл. Дмитровский р-н;Ново-Синьково
49622;Моск. обл. Дмитровский р-н;Орево
49622;Моск. обл. Дмитровский р-н;Рогачево
49622;Моск. обл. Дмитровский р-н;Сысоево
49622;Моск. обл. Дмитровский р-н;Яхрома
49624;Моск. обл. Клинский р-н;Воздвиженское
49624;Моск. обл. Клинский р-н;Высоковск
49624;Московская область;Клин
49624;Моск. обл. Клинский р-н;Нудоль
49624;Моск. обл. Клинский р-н;Спас-Заулок
49624;Моск. обл. Клинский р-н;Шебляково
49627;Моск. обл. Рузский р-н;Дорохово
49627;Московская область;Руза
49627;Моск. обл. Рузский р-н;Тучково
49628;Московская область;Лотошино
49631;Моск. обл. Истринский р-н;Гидроузел
49631;Моск. обл. Истринский р-н;Дедовск
49631;Московская область;Истра
49631;Моск. обл. Истринский р-н;Кострово
49631;Моск. обл. Истринский р-н;Новопетровск
49631;Моск. обл. Истринский р-н;Онуфриево
49631;Моск. обл. Истринский р-н;Павловская Слобода
49631;Моск. обл. Истринский р-н;Павловское
49631;Моск. обл. Истринский р-н;Румянцево
49631;Моск. обл. Истринский р-н;Снегири
49632;Моск. обл. Звенигородский р-н;Введенское
49632;Моск. обл. Звенигородский р-н;Ершово
49632;Московская область;Звенигород
49632;Моск. обл. Звенигородский р-н;Каренское
49632;Моск. обл. Звенигородский р-н;Луцино
49632;Моск. обл. Звенигородский р-н;Сав.Слобода
49632;Моск. обл. Звенигородский р-н;Шарапово
49633;Московская область;Голицыно
49634;Моск. обл. Наро-Фоминский р-н;Апрелевка
49634;Моск. обл. Орехово-Зуевский р-н;Бекасово-2
49634;Моск. обл. Наро-Фоминский р-н;Верея
49634;Моск. обл. Наро-Фоминский р-н;Кокошкино
49634;Моск. обл. Наро-Фоминский р-н;Крекшино
49634;Моск. обл. Наро-Фоминский р-н;Кузнецово
49634;Московская область;Наро-Фоминск
49634;Моск. обл. Наро-Фоминский р-н;Н.Ольховка
49634;Моск. обл. Наро-Фоминский р-н;Птичное
49634;Моск. обл. Наро-Фоминский р-н;Селятино
49636;Моск. обл. Волоколамский р-н;Волоколамский Совхоз
49636;Московская область;Волоколамск
49636;Моск. обл. Волоколамский р-н;Осташово
49636;Моск. обл. Волоколамский р-н;Привокзальный
49636;Моск. обл.Волоколамский р-н;Сычево
49637;Моск. обл. Шаховской р-н;Середа
49637;Московская область;Шаховская
49638;Московская область;Можайск
49638;Моск. обл. Можайский р-н;Поречье
49638;Моск. обл. Можайский р-н;Уваровка
4964;Моск. обл. Орехово-Зуевский р-н;Абрамовка
4964;Моск. обл. Орехово-Зуевский р-н;Авсюнино
4964;Моск. обл. Орехово-Зуевский р-н;Беззубово
4964;Моск. обл. Орехово-Зуевский р-н;Белавино
4964;Моск. обл. Орехово-Зуевский р-н;Гора
4964;Моск. обл. Орехово-Зуевский р-н;Губино
4964;Моск. обл. Орехово-Зуевский р-н;Давыдово
4964;Моск. обл. Орехово-Зуевский р-н;Демихово
4964;Моск. обл. Орехово-Зуевский р-н;Дрезна
4964;Моск. обл. Орехово-Зуевский р-н;Запутное
4964;Моск. обл. Орехово-Зуевский р-н;Ильинка
4964;Моск. обл. Орехово-Зуевский р-н;Кабаново
4964;Моск. обл. Орехово-Зуевский р-н;К.Дубрава
4964;Моск. обл. Орехово-Зуевский р-н;Куровское
4964;Моск. обл. Орехово-Зуевский р-н;Лиаз
4964;Моск. обл. Орехово-Зуевский р-н;Ликино-Дулево
4964;Моск. обл. Орехово-Зуевский р-н;Малая Дубна
4964;Моск. обл. Орехово-Зуевский р-н;Минино
4964;Моск. обл. Орехово-Зуевский р-н;Новое
4964;Московская область;Орехово-Зуево
4964;Моск. обл. Орехово-Зуевский р-н;Савино
4964;Моск. обл. Орехово-Зуевский р-н;Соболево
4964;Моск. обл. Орехово-Зуевский р-н;Стенино
49640;Моск. обл. Егорьевский р-н;Бережки
49640;Моск. обл. Егорьевский р-н;Гридино
49640;Московская область;Егорьевск
49640;Моск. обл. Егорьевский р-н;Клеменово
49640;Моск. обл. Егорьевский р-н;Колычево
49640;Моск. обл. Егорьевский р-н;Красный Ткач
49640;Моск. обл. Егорьевский р-н;Михали
49640;Моск. обл. Егорьевский р-н;Н.Поселок
49640;Моск. обл.Егорьевский р-н;Подрядниково
49640;Моск. обл. Егорьевский р-н;Полбино
49640;Моск. обл. Егорьевский р-н;Поповская
49640;Моск. обл. Егорьевский р-н;Починки
49640;Моск. обл. Егорьевский р-н;Раменки
49640;Моск. обл. Егорьевский р-н;Селиваниха
49640;Моск. обл. Егорьевский р-н;Т.Болото
49640;Моск. обл. Егорьевский р-н;Шувое
49640;Моск. обл. Егорьевский р-н;Юрцово
49643;Моск. обл. Павловский-Посадский р-н;Алферово
49643;Моск. обл. Павловский-Посадский р-н;Б.Дворы
49643;Моск. обл. Павловский-Посадский р-н;Ефимово
49643;Моск. обл. Павловский-Посадский р-н;Загарье
49643;Моск. обл. Павловский-Посадский р-н;Крупино
49643;Моск. обл. Павловский-Посадский р-н;Кузнецы
49643;Московская область;Павловский Посад
49643;Моск. обл. Павловский-Посадский р-н;Рахмановский Комбинат
49643;Моск. обл. Павловский-Посадский р-н;Электрогорск
49644;Моск. обл. Воскресенский р-н;Барановское
49644;Моск. обл. Воскресенский р-н;Белозерск
49644;Моск. обл. Воскресенский р-н;Виноградово
49644;Московская область;Воскресенск
49644;Моск. обл. Воскресенский р-н;Чемодурово
49645;Моск. обл. Шатурский р-н;Мишеронь
49645;Моск. обл. Шатурский р-н;Рошаль
49645;Моск. обл. Шатурский р-н;Туголесский Бор
49645;Московская область;Шатура
49646;Моск. обл. Раменский р-н;Бронницы
49646;Моск. обл. Раменский р-н;Быково
49646;Моск. обл. Раменский р-н;Дубовая Роща
49646;Моск. обл. Раменский р-н;Заворово
49646;Моск. обл. Раменский р-н;Игумново
49646;Моск. обл. Раменский р-н;Кратово
49646;Моск. обл. Раменский р-н;Кузнецово
49646;Моск. обл. Раменский р-н;Подмосковный
49646;Московская область;Раменское
49646;Моск. обл. Раменский р-н;Речицы
49646;Моск. обл. Раменский р-н;Фаустово
49646;Моск. обл. Раменский р-н;Холодово
49646;Моск. обл. Раменский р-н;Чулково
49648;Московская область;Жуковский
49651;Моск. обл. Ногинский р-н;Боровково
49651;Моск. обл. Ногинский р-н;Буньково
49651;Моск. обл. Ногинский р-н;Кр.Электрик
49651;Моск. обл. Ногинский р-н;Купавна
49651;Моск. обл. Ногинский р-н;Мамонтово
49651;Московская область;Ногинск
49651;Моск. обл. Ногинский р-н;Оборино
49651;Моск. обл. Ногинский р-н;Обухово
49651;Моск. обл. Ногинский р-н;Фрязево
49651;Моск. обл. Ногинский р-н;Электроугли
49652;Моск. обл. Ногинский р-н;Черноголовка
49653;Моск. обл. Пушкинский р-н;Ашукино
49653;Моск. обл. Пушкинский р-н;Зеленоградский
49653;Моск. обл. Пушкинский р-н;Ивантеевка
49653;Моск. обл. Пушкинский р-н;Клязьма
49653;Моск. обл. Пушкинский р-н;Красноармейск
49653;Моск. обл. Пушкинский р-н;Мамонтовка
49653;Моск. обл. Пушкинский р-н;П.Зверосовхоз
49653;Моск. обл. Пушкинский р-н;Правдинский
49653;Московская область;Пушкино
49653;Моск. обл. Пушкинский р-н;Софрино
49654;Моск. обл. Сергиевпосадский р-н;Березняки
49654;Моск. обл. Сергиевпосадский р-н;Григорково
49654;Моск. обл. Сергиево-Посадский р-н;Константиново
49654;Моск. обл. Сергиевпосадский р-н;Краснозаводск
49654;Моск. обл. Сергиевпосадский р-н;Мостовик
49654;Моск. обл. Сергиевпосадский р-н;Муханово
49654;Моск. обл. Сергиевпосадский р-н;Новый
49654;Моск. обл. Сергиевпосадский р-н;Птицеград
49654;Московская область;Сергиев Посад
49654;Моск. обл. Сергиевпосадский р-н;Хотьково
49657;Московская область;Электросталь
4966;Моск. обл. Коломенскй р-н;Городищи
4966;Московская область;Коломна
4966;Моск. обл. Коломенскй р-н;Колычево
4966;Моск. обл. Коломенскй р-н;Лесной
4966;Моск. обл. Коломенскй р-н;Радужный
4966;Моск. обл. Коломенскй р-н;Щурово
49663;Моск. обл. Луховицкий р-н;Белоомут
49663;Моск. обл. Луховицкий р-н;Григорьевское
49663;Моск. обл. Луховицкий р-н;Красная Пойма
49663;Московская область;Луховицы
49663;Моск. обл. Луховицкий р-н;Маяк
49663;Моск. обл. Луховицкий р-н;Носово
49663;Моск. обл. Луховицкий р-н;Фруктовая
49664;Моск. обл. Ступинский р-н;Жилево
49664;Моск. обл. Ступинский р-н;Малино
49664;Моск. обл. Ступинский р-н;Ситне-Щелканово
49664;Моск. обл. Ступинский р-н;Старая Ситня
49664;Московская область;Ступино
49664;Моск. обл. Ступинский р-н;Шугарово
49666;Московская область;Зарайск
49667;Московская область;Серебряные Пруды
49669;Моск. обл. Каширский р-н;Бесово
49669;Моск. обл. Каширский р-н;Зендиково
49669;Московская область;Кашира
49669;Моск. обл. Каширский р-н;Кокино
49669;Моск. обл. Каширский р-н;Ледово
49669;Моск. обл. Каширский р-н;Новоселки
49669;Моск. обл. Каширский р-н;Ожерелье
4967;Моск. обл. Раменский р-н;Большевик
4967;Моск. обл. Подольский р-н;Быково
4967;Моск. обл. Серпуховской р-н;Васильевское
4967;Моск. обл. Подольский р-н;Вороново
4967;Московская область;Климовск
4967;Моск. обл. Подольский р-н;Красная Пахра
4967;Моск. обл. Раменский р-н;Липицы
4967;Моск. обл. Раменский р-н;Лукьяново
4967;Моск. обл. Раменский р-н;Львовский
4967;Моск. обл. Раменский р-н;Михайловское
4967;Московская область;Подольск
4967;Моск. обл. Раменский р-н;Пролетарий
4967;Моск. обл. Раменский р-н;Протвино
4967;Моск. обл. Раменский р-н;Пущино
4967;Моск. обл. Раменский р-н;Рогово
4967;Московская область;Серпухов
4967;Моск. обл. Подольский р-н;Троицк
4967;Моск. обл. Климовский р-н;Шишкин Лес
4967;Моск. обл. Раменский р-н;Щапово
4967;Моск. обл. Раменский р-н;Щербинка
49670;Московская область;Озеры
49672;Моск. обл. Чеховский р-н;Новый Быт
49672;Моск. обл. Чеховский р-н;Русское Поле
49672;Моск. обл. Чеховский р-н;Столбовая
49672;Моск. обл. Чеховский р-н;Троицкое
49672;Московская область;Чехов
49679;Моск. обл. Домодедовский р-н;Барыбино
49679;Моск. обл. Домодедовский р-н;Белые Столбы
49679;Моск. обл. Домодедовский р-н;Вельяминово
49679;Моск. обл. Домодедовский р-н;Востряково
49679;Московская область;Домодедово
49679;Моск. обл. Домодедовский р-н;Житнево
49679;Моск. обл. Домодедовский р-н;Ильинское
49679;Моск. обл. Домодедовский р-н;Константиново
49679;Моск. обл. Домодедовский р-н;Павловское
49679;Моск. обл. Домодедовский р-н;Повадино
49679;Моск. обл. Домодедовский р-н;Подмосковье
49679;Моск. обл. Домодедовский р-н;Чурилкино
499;Московская область;Москва
8112;Псковская область;Псков
81122;Псковская область;Псков
81131;Псковская область;Гдов
81132;Псковская область;Струги-Красные
81133;Псковская область;Плюсса
81134;Псковская область;Порхов
81135;Псковская область;Дно
81136;Псковская область;Дедовичи
81137;Псковская область;Красногородск
81138;Псковская область;Опочка
81139;Псковская область;Локня
81140;Псковская область;Себеж
81141;Псковская область;Бежаницы
81142;Псковская область;Пустошка
81143;Псковская область;Новоржев
81144;Псковская область;Новосокольники
81145;Псковская область;Палкино
81146;Псковская область;Пушкинские Горы
81147;Псковская область;Пыталово
81148;Псковская область;Печоры
81149;Псковская область;Кунья
81150;Псковская область;Усвяты
81151;Псковская область;Невель
81152;Псковская область;Остров
81153;Псковская область;Великие Луки
812;Ленинградская область;Ломоносов
812;Ленинградская область;Санкт-Петербург
81361;Ленинградская область;Тосно
81362;Ленинградская область;Кировск
81363;Ленинградская область;Волхов
81364;Ленинградская область;Лодейное Поле
81365;Ленинградская область;Подпорожье
81366;Ленинградская область;Бокситогорск
81366;Ленинградская область;Пикалево
81367;Ленинградская область;Тихвин
81368;Ленинградская область;Кириши
81369;Ленинградская область;Сосновый Бор
81370;Ленинградская область;Всеволожск
81371;Ленинградская область;Гатчина
81372;Ленинградская область;Луга
81373;Ленинградская область;Волосово
81374;Ленинградская область;Сланцы
81375;Ленинградская область;Кингисепп
81376;Ленинградская область;Анино
81376;Ленинградская область;Большая Ижора
81376;Ленинградская область;Горбунки
81376;Ленинградская область;Гостилицы
81376;Ленинградская область;Кипень
81376;Ленинградская область;Лебяжье
81376;Ленинградская область;Ломоносовский
81376;Ленинградская область;Низино
81378;Ленинградская область;Выборг
81379;Ленинградская область;Приозерск
8142;Карелия;Петрозаводск
81430;Карелия;Сортавала
81431;Карелия;Сегежа
81433;Карелия;Питкяранта
81434;Карелия;Медвежьегорск
81436;Карелия;Олонец
81437;Карелия;Беломорск
81439;Карелия;Лоухи
81450;Карелия;Лахденпохья
81451;Карелия;Кондопога
81452;Карелия;Пудож
81454;Карелия;Калевала
81455;Карелия;Муезерский
81456;Карелия;Пряжа
81457;Карелия;Суоярви
81459;Карелия;Костомукша
8152;Мурманская область;Мурманск
81530;Мурманская область;Снежногорск
81531;Мурманская область;Кировск
81532;Мурманская область;Полярные Зори
81533;Мурманская область;Кандалакша
81535;Мурманская область;Ковдор
81536;Мурманская область;Мончегорск
81537;Мурманская область;Североморск
81538;Мурманская область;Ловозеро
81551;Мурманская область;Полярный
81552;Мурманская область;Оленегорск
81553;Мурманская область;Кола
81554;Мурманская область;Заполярный
81555;Мурманская область;Апатиты
81556;Мурманская область;Заозерск
81559;Мурманская область;Умба
8162;Новгородская область;Великий Новгород
81622;Новгородская область;Великий Новгород
81650;Новгородская область;Парфино
81651;Новгородская область;Демянск
81652;Новгородская область;Старая Русса
81653;Новгородская область;Мошенское
81654;Новгородская область;Холм
81655;Новгородская область;Сольцы
81656;Новгородская область;Шимск
81657;Новгородская область;Окуловка
81658;Новгородская область;Поддорье
81659;Новгородская область;Крестцы
81660;Новгородская область;Малая Вишера
81661;Новгородская область;Батецкий
81662;Новгородская область;Волот
81663;Новгородская область;Марево
81664;Новгородская область;Боровичи
81665;Новгородская область;Чудово
81666;Новгородская область;Валдай
81667;Новгородская область;Хвойная
81668;Новгородская область;Любытино
81669;Новгородская область;Пестово
8172;Вологодская область;Вологда
81732;Вологодская область;Харовск
81733;Вологодская область;Сокол
81737;Вологодская область;Устюжна
81738;Вологодская область;Великий Устюг
81739;Вологодская область;Тотьма
81740;Вологодская область;Кичменгский Городок
81741;Вологодская область;Чагода
81742;Вологодская область;Кадуй
81743;Вологодская область;Бабаево
81744;Вологодская область;Вожега
81745;Вологодская область;Село им. Бабушкина
81746;Вологодская область;Вытегра
81747;Вологодская область;Нюксеница
81748;Вологодская область;Тарногский Городок
81749;Вологодская область;Шуйское
81751;Вологодская область;Шексна
81752;Вологодская область;Сямжа
81753;Вологодская область;Устье
81754;Вологодская область;Никольск
81755;Вологодская область;Грязовец
81756;Вологодская область;Белозерск
81757;Вологодская область;Кириллов
81758;Бор Вологодская область;Липин
81759;Вологодская область;Верховажье
818;Архангельская область;Архангельск
8182;Архангельская область;Архангельск
81830;Архангельская область;Холмогоры
81831;Архангельская область;Березник
81832;Архангельская область;Плесецк
81834;Архангельская область;Мирный
8183590;Архангельская область;Соловецкий пос.
81836;Архангельская область;Вельск
81837;Архангельская область;Котлас
81838;Архангельская область;Няндома
81839;Архангельская область;Онега
8184;Архангельская область;Северодвинск
81841;Архангельская область;Каргополь
81842;Архангельская область;Северодвинск
81843;Архангельская область;Ильинско-Подомское
81850;Архангельская область;Коряжма
81852;Архангельская область;Новодвинск
81853;Архангельская область;Нарьян Мар
81856;Архангельская область;Карпогоры
81858;Архангельская область;Коноша
8202;Вологодская область;Череповец
8212;Коми;Сыктывкар
82130;Коми;Выльгорт
82131;Коми;Визинга
82132;Коми;Койгородок
82133;Коми;Объячево
82134;Коми;Айкино
82135;Коми;Усогорск
82136;Коми;Корткерос
82137;Коми;Усть Кулом
82138;Коми;Троицко-Печорск
82139;Коми;Емва
82140;Коми;Ижма
82141;Коми;Усть Цильма
82142;Коми;Печора
82144;Коми;Усинск
82145;Коми;Инта
82146;Коми;Вуктыл
82147;Коми;Ухта
82149;Коми;Сосногорск
82151;Коми;Воркута
831;Нижегородская область;Нижний Новгород
8313;Нижегородская область;Дзержинск
83130;Нижегородская область;Саров
83136;Нижегородская область;Володарск
83138;Нижегородская область;Большое Болдино
83139;Нижегородская область;Первомайск
83140;Нижегородская область;Вад
83142;Нижегородская область;Шатки
83143;Нижегородская область;Дивеево
83144;Нижегородская область;Балахна
83145;Нижегородская область;Кстово
83147;Нижегородская область;Арзамас
83148;Нижегородская область;Перевоз
83149;Нижегородская область;Лысково
83150;Нижегородская область;Ветлуга
83151;Нижегородская область;Тоншаево
83152;Нижегородская область;Шахунья
83153;Нижегородская область;Тонкино
83154;Нижегородская область;Урень
83155;Нижегородская область;Шаранга
83156;Нижегородская область;Красные Баки
83157;Нижегородская область;Ковернино
83158;Нижегородская область;Варнавино
83159;Нижегородская область;Бор
83160;Нижегородская область;Чкаловск
83161;Нижегородская область;Городец
83161;Нижегородская область;Заволжье
83162;Нижегородская область;Семенов
83163;Нижегородская область;Воскресенское
83164;Нижегородская область;Воротынец
83165;Нижегородская область;Спасское
83166;Нижегородская область;Княгинино
83167;Нижегородская область;Большое Мурашкино
83168;Нижегородская область;Дальнее Константиново
83170;Нижегородская область;Богородск
83171;Нижегородская область;Павлово
83172;Нижегородская область;Бутурлино
83173;Нижегородская область;Вача
83174;Нижегородская область;Сосновское
83175;Нижегородская область;Навашино
83176;Нижегородская область;Кулебаки
83177;Нижегородская область;Выкса
83178;Нижегородская область;Вознесенское
83179;Нижегородская область;Ардатов
83191;Нижегородская область;Сергач
83192;Нижегородская область;Пильна
83193;Нижегородская область;Сеченево
83194;Нижегородская область;Уразовка
83195;Нижегородская область;Гагино
83196;Нижегородская область;Лукоянов
83197;Нижегородская область;Починки
83330;Кировская область;Арбаж
83332;Кировская область;Фаленки
83333;Кировская область;Богородское
83334;Кировская область;Вятские Поляны
83335;Кировская область;Верхошижемье
83336;Кировская область;Даровской
83337;Кировская область;Зуевка
83338;Кировская область;Кильмезь
83339;Кировская область;Кирс
83340;Кировская область;Тужа
83341;Кировская область;Кикнур
83342;Кировская область;Котельнич
83343;Кировская область;Кумены
83344;Кировская область;Лебяжье
83345;Кировская область;Ленинское
83346;Кировская область;Луза
83347;Кировская область;Малмыж
83348;Кировская область;Мураши
83349;Кировская область;Нагорск
83350;Кировская область;Нема
83351;Кировская область;Подосиновец
83352;Кировская область;Омутнинск
83353;Кировская область;Опарино
83354;Кировская область;Оричи
83355;Кировская область;Пижанка
83357;Кировская область;Санчурск
83358;Кировская область;Свеча
83359;Кировская область;Уни
83361;Кировская область;Кирово-Чепецк
83362;Кировская область;Слободской
83363;Кировская область;Уржум
83364;Кировская область;Белая Холуница
83365;Кировская область;Орлов
83366;Кировская область;Юрья
83367;Кировская область;Яранск
83368;Кировская область;Нолинск
83369;Кировская область;Суна
83375;Кировская область;Советск
8342;Мордовия;Саранск
83431;Мордовия;Ардатов
83432;Мордовия;Старое Шайгово
83433;Мордовия;Кемля
83434;Мордовия;Атяшево
83436;Мордовия;Большие Березники
83437;Мордовия;Чамзинка
83438;Мордовия;Ромоданово
83439;Мордовия;Кочкурово
83441;Мордовия;Лямбирь
83442;Мордовия;Большое Игнатово
83443;Мордовия;Краснослободск
83444;Мордовия;Ельники
83445;Мордовия;Темников
83446;Мордовия;Теньгушево
83447;Мордовия;Дубенки
83448;Мордовия;Кадошкино
83449;Мордовия;Инсар
83451;Мордовия;Рузаевка
83453;Мордовия;Ковылкино
83454;Мордовия;Атюрьево
83456;Мордовия;Торбеево
83457;Мордовия;Явас
83458;Мордовия;Зубова Поляна
8352;Чувашия;Новочебоксарск
8352;Чувашия;Чебоксары
83530;Чувашия;Красноармейское
83531;Чувашия;Алатырь
83532;Чувашия;Батырево
83533;Чувашия;Канаш
83534;Чувашия;Козловка
83535;Чувашия;Аликово
83536;Чувашия;Шумерля
83537;Чувашия;Вурнары
83538;Чувашия;Ибреси
83539;Чувашия;Комсомольское
83540;Чувашия;Кугеси
83541;Чувашия;Моргауши
83542;Чувашия;Мариинский Посад
83543;Чувашия;Порецкое
83544;Чувашия;Урмары
83545;Чувашия;Цивильск
83546;Чувашия;Шемурша
83547;Чувашия;Ядрин
83548;Чувашия;Янтиково
83549;Чувашия;Яльчики
83551;Чувашия;Красные Четаи
8362;Марий-Эл;Йошкар-Ола
83631;Марий-Эл;Волжск
83632;Марий-Эл;Козьмодемьянск
83633;Марий-Эл;Сернур
83634;Марий-Эл;Мари Турек
83635;Марий-Эл;Морки
83636;Марий-Эл;Новый Торьял
83637;Марий-Эл;Куженер
83638;Марий-Эл;Советский
83639;Марий-Эл;Параньга
83641;Марий-Эл;Оршанка
83643;Марий-Эл;Килемары
83644;Марий-Эл;Юрино
83645;Марий-Эл;Звенигово
8412;Пензенская область;Заречный
8412;Пензенская область;Пенза
84140;Пензенская область;Бессоновка
84141;Пензенская область;Беково
84142;Пензенская область;Вадинск
84143;Пензенская область;Башмаково
84144;Пензенская область;Исса
84145;Пензенская область;Русский Камешкир
84146;Пензенская область;Колышлей
84147;Пензенская область;Кондоль
84148;Пензенская область;Лопатино
84150;Пензенская область;Мокшан
84151;Пензенская область;Беднодемьяновск
84152;Пензенская область;Пачелма
84153;Пензенская область;Белинский
84154;Пензенская область;Нижний Ломов
84155;Пензенская область;Земетчино
84157;Пензенская область;Кузнецк
84158;Пензенская область;Городище
84159;Пензенская область;Шемышейка
84161;Пензенская область;Лунино
84162;Пензенская область;Малая Сердоба
84163;Пензенская область;Наровчат
84164;Пензенская область;Неверкино
84165;Пензенская область;Никольск
84167;Пензенская область;Сердобск
84168;Пензенская область;Сосновоборск
84169;Пензенская область;Тамала
8422;Ульяновская область;Ульяновск
84230;Ульяновская область;Старая Майна
84231;Ульяновская область;Чердаклы
84232;Ульяновская область;Новая Малыкла
84233;Ульяновская область;Сенгилей
84234;Ульяновская область;Тереньга
84235;Ульяновская область;Димитровград
84237;Ульяновская область;Кузоватово
84238;Ульяновская область;Новоспасское
84239;Ульяновская область;Радищево
84240;Ульяновская область;Базарный Сызган
84241;Ульяновская область;Инза
84242;Ульяновская область;Сурское
84243;Ульяновская область;Вешкайма
84244;Ульяновская область;Майна
84245;Ульяновская область;Большое Нагаткино
84246;Ульяновская область;Карсун
84247;Ульяновская область;Николаевка
84248;Ульяновская область;Павловка
84249;Ульяновская область;Старая Кулатка
84253;Ульяновская область;Барыш
84254;Ульяновская область;Ишеевка
84255;Ульяновская область;Новоульяновск
843;Татарстан;Казань
84341;Татарстан;Алексеевское
84342;Татарстан;Чистополь
84344;Татарстан;Аксубаево
84345;Татарстан;Нурлат
84346;Татарстан;Базарные Матаки
84347;Татарстан;Болгар
84348;Татарстан;Новошешминск
84360;Татарстан;Тюлячи
84361;Татарстан;Рыбная Слобода
84362;Татарстан;Богатые Сабы
84364;Татарстан;Кукмор
84365;Татарстан;Высокая Гора
84366;Татарстан;Арск
84367;Татарстан;Пестрецы
84368;Татарстан;Балтаси
84369;Татарстан;Большая Атня
84370;Татарстан;Большие Кайбицы
84371;Татарстан;Зеленодольск
84373;Татарстан;Тетюши
84374;Татарстан;Буинск
84375;Татарстан;Старое Дрожжаное
84376;Татарстан;Апастово
84377;Татарстан;Камское Устье
84378;Татарстан;Лаишево
84379;Татарстан;Верхний Услон
84396;Татарстан;Черемшан
8442;Волгоградская область;Волгоград
8443;Волгоградская область;Волжский
84442;Волгоградская область;Урюпинск
84443;Волгоградская область;Нехаевский
84444;Волгоградская область;Новониколаевский
84445;Волгоградская область;Преображенская
84446;Волгоградская область;Алексеевская
84447;Волгоградская область;Новоаннинский
84452;Волгоградская область;Елань
84453;Волгоградская область;Рудня
84454;Волгоградская область;Жирновск
844542;Волгоградская область;Жирновск
84455;Волгоградская область;Котово
84456;Волгоградская область;Ольховка
84457;Волгоградская область;Камышин
84458;Волгоградская область;Дубовка
84461;Волгоградская область;Даниловка
84462;Волгоградская область;Кумылженская
84463;Волгоградская область;Михайловка
84464;Волгоградская область;Серафимович
84465;Волгоградская область;Фролово
84466;Волгоградская область;Клетский
84467;Волгоградская область;Иловля
84468;Волгоградская область;Городище
84472;Волгоградская область;Калач-На-Дону
84473;Волгоградская область;Суровкино
84474;Волгоградская область;Чернышковский
84475;Волгоградская область;Октябрьский
84476;Волгоградская область;Котельниково
84477;Волгоградская область;Светлый Яр
84478;Волгоградская область;Ленинск
84479;Волгоградская область;Средняя Ахтуба
84492;Волгоградская область;Палласовка
84493;Волгоградская область;Старая Полтавка
84494;Волгоградская область;Николаевск
84495;Вологодская область;Богородское
84495;Вологодская область;Быково
8452;Саратовская область;Саратов
8453;Саратовская область;Балаково
8453;Саратовская область;Энгельс
84540;Саратовская область;Ртищево
84542;Саратовская область;Аркадак
84543;Саратовская область;Турки
84544;Саратовская область;Романовка
84545;Саратовская область;Балашов
84548;Саратовская область;Самойловка
84549;Саратовская область;Калининск
84550;Саратовская область;Красноармейск
84551;Саратовская область;Лысые Горы
84552;Саратовская область;Аткарск
84554;Саратовская область;Екатериновка
84555;Саратовская область;Петровск
84557;Саратовская область;Новые Бурасы
84558;Саратовская область;Татищево
84560;Саратовская область;Красный Кут
84561;Саратовская область;Питерка
84562;Саратовская область;Новоузенск
84563;Саратовская область;Дергачи
84564;Саратовская область;Ершов
84565;Саратовская область;Мокроус
84566;Саратовская область;Степное
84567;Саратовская область;Маркс
84568;Саратовская область;Воскресенское
84573;Саратовская область;Духовницкое
84574;Саратовская область;Пугачев
84576;Саратовская область;Озинки
84577;Саратовская область;Горный
84578;Саратовская область;Александров Гай
84579;Саратовская область;Ивантеевка
84591;Саратовская область;Базарный Карабулак
84592;Саратовская область;Балтай
84593;Саратовская область;Вольск
84595;Саратовская область;Хвалынск
84596;Саратовская область;Ровное
846;Самарская область;Самара
84635;Самарская область;Новокуйбышевск
84639;Самарская область;Чапаевск
8464;Самарская область;Сызрань
84646;Самарская область;Октябрьск
84647;Самарская область;Приволжье
84648;Самарская область;Шигоны
84650;Самарская область;Кошки
84651;Самарская область;Челно Вершины
84652;Самарская область;Шентала
84653;Самарская область;Клявлино
84654;Самарская область;Исаклы
84655;Самарская область;Сергиевск
84656;Самарская область;Похвистнево
84657;Самарская область;Красный Яр
84661;Самарская область;Отрадный
84663;Самарская область;Кинель
84666;Самарская область;Богатое
84667;Самарская область;Борское
84670;Самарская область;Нефтегорск
84671;Самарская область;Алексеевка
84672;Самарская область;Большая Черениговка
84673;Самарская область;Большая Глушица
84674;Самарская область;Пестравка
84675;Самарская область;Красноармейское
84676;Самарская область;Безенчук
84722;Калмыкия;Элиста
84731;Калмыкия;Городовиковск
84732;Калмыкия;Ики Бурул
84733;Калмыкия;Лагань
84735;Калмыкия;Кетченеры
84736;Калмыкия;Приютное
84741;Калмыкия;Садовое
84742;Калмыкия;Троицкое
84743;Калмыкия;Комсомольский
84744;Калмыкия;Цаган Аман
84745;Калмыкия;Яшалта
84746;Калмыкия;Яшкуль
84747;Калмыкия;Большой Царын
8482;Самарская область;Тольятти
84862;Самарская область;Жигулевск
8512;Астраханская область;Астрахань
85140;Астраханская область;Знаменск
85141;Астраханская область;Ахтубинск
85142;Астраханская область;Володарский
85143;Астраханская область;Енотаевка
85144;Астраханская область;Икряное
85145;Астраханская область;Камызяк
85146;Астраханская область;Красный Яр
85147;Астраханская область;Лиман
85148;Астраханская область;Харабали
85149;Астраханская область;Черный Яр
85171;Астраханская область;Нариманов
85172;Астраханская область;Началово
8552;Татарстан;Набережные Челны
8553;Татарстан;Альметьевск
85549;Татарстан;Менделеевск
8555;Татарстан;Нижнекамск
85551;Татарстан;Агрыз
85552;Татарстан;Актаныш
85555;Татарстан;Мензелинск
85556;Татарстан;Муслюмово
85557;Татарстан;Елабуга
85558;Татарстан;Заинск
85559;Татарстан;Сарманово
85563;Татарстан;Мамадыш
85569;Татарстан;Бавлы
85592;Татарстан;Азнакаево
85593;Татарстан;Уруссу
85594;Татарстан;Бугульма
85595;Татарстан;Лениногорск
861;Краснодарский край;Краснодар
86130;Краснодарский край;Тимашевск
86131;Краснодарский край;Крымск
86132;Краснодарский край;Ейск
86133;Краснодарский край;Анапа
86135;Краснодарский край;Усть Лабинск
86137;Краснодарский край;Армавир
86138;Краснодарский край;Кропоткин
86140;Краснодарский край;Успенская
86141;Краснодарский край;Геленджик
86142;Краснодарский край;Кореновск
86143;Краснодарский край;Приморско-Ахтарск
86144;Краснодарский край;Отрадная
86145;Краснодарский край;Ленинградская
86146;Краснодарский край;Славянск-На-Кубани
86147;Краснодарский край;Курганинск
86148;Краснодарский край;Темрюк
86149;Краснодарский край;Новопокровская
86150;Краснодарский край;Абинск
86151;Краснодарский край;Старощербиновская
86152;Краснодарский край;Апшеронск
86153;Краснодарский край;Староминская
86154;Краснодарский край;Белая Глина
86155;Краснодарский край;Белореченск
86156;Краснодарский край;Брюховецкая
86157;Краснодарский край;Выселки
86158;Краснодарский край;Тбилисская
86159;Краснодарский край;Горячий Ключ
86160;Краснодарский край;Гулькевичи
86161;Краснодарский край;Крыловская
86162;Краснодарский край;Динская
86163;Краснодарский край;Калининская
86164;Краснодарский край;Каневская
86165;Краснодарский край;Полтавская
86166;Краснодарский край;Северская
86167;Краснодарский край;Туапсе
86168;Краснодарский край;Кущевская
86169;Краснодарский край;Лабинск
8617;Краснодарский край;Новороссийск
86191;Краснодарский край;Павловская
86192;Краснодарский край;Мостовское
86193;Краснодарский край;Кавказская
86195;Краснодарский край;Новокубанск
86196;Краснодарский край;Тихорецк
8622;Краснодарский край;Адлер
8622;Краснодарский край;Аше
8622;Краснодарский край;Вардане
8622;Краснодарский край;Головинка
8622;Краснодарский край;Дагомыс
8622;Краснодарский край;Кудепста
8622;Краснодарский край;Лазаревское
8622;Краснодарский край;Лоо
8622;Краснодарский край;Приморье
8622;Краснодарский край;Совет-Квадже
8622;Краснодарский край;Сочи
8622;Краснодарский край;Хоста
863;Ростовская область;Ростов-На-Дону
8634;Ростовская область;Таганрог
86340;Ростовская область;Родионово-Несветайская
86341;Ростовская область;Матвеев Курган
86342;Ростовская область;Азов
86344;Ростовская область;Таганрог
86345;Ростовская область;Кагальницкая
86347;Ростовская область;Покровское
86349;Ростовская область;Чалтырь
86350;Ростовская область;Аксай
86351;Ростовская область;Усть Донецк
86352;Ростовская область;Новочеркасск
86353;Ростовская область;Вешенская
86353;Ставропольский край;Михайловск
86354;Ростовская область;Батайск
86355;Ростовская область;Зверево
86356;Ростовская область;Семикаракорск
86357;Ростовская область;Багаевский
86358;Ростовская область;Веселый
86359;Ростовская область;Зерноград
8636;Ростовская область;Шахты
86360;Ростовская область;Каменоломни
86361;Ростовская область;Гуково
86365;Ростовская область;Каменск-Шахтинский
86367;Ростовская область;Красный Сулин
86368;Ростовская область;Донецк
86369;Ростовская область;Новошахтинск
86370;Ростовская область;Егорлыкская
86371;Ростовская область;Целина
86372;Ростовская область;Сальск
86373;Ростовская область;Песчанокопское
86375;Ростовская область;Орловский
86376;Ростовская область;Зимовники
86377;Ростовская область;Дубовское
86378;Ростовская область;Заветное
86379;Ростовская область;Ремонтное
86382;Ростовская область;Боковская
86383;Ростовская область;Белая Калитва
86384;Ростовская область;Морозовск
86385;Ростовская область;Миллерово
86386;Ростовская область;Тарасовский
86387;Ростовская область;Чертково
86388;Ростовская область;Кашары
86389;Ростовская область;Милютинская
86391;Ростовская область;Цимлянск
86392;Ростовская область;Волгодонск
86393;Ростовская область;Константиновск
86394;Ростовская область;Романовская
86395;Ростовская область;Большая Мартыновка
86396;Ростовская область;Обливская
86397;Ростовская область;Тацинский
8652;Ставропольский край;Ставрополь
86540;Ставропольский край;Грачевка
86541;Ставропольский край;Красногвардейское
86542;Ставропольский край;Ипатово
86543;Ставропольский край;Левокумское
86544;Ставропольский край;Новоалександровск
86545;Ставропольский край;Изобильный
86546;Ставропольский край;Донское
86547;Ставропольский край;Светлоград
86548;Ставропольский край;Новоселицкое
86549;Ставропольский край;Благодарный
86550;Ставропольский край;Кочубеевское
86552;Ставропольский край;Зеленокумск
86554;Ставропольский край;Невинномысск
86555;Ставропольский край;Дивное
86556;Ставропольский край;Курсавка
86557;Ставропольский край;Александровское
86558;Ставропольский край;Нефтекумск
86559;Ставропольский край;Буденновск
86560;Ставропольский край;Арзгир
86563;Ставропольский край;Степное
86565;Ставропольский край;Летняя Ставка
8662;Кабардино-Балкария;Нальчик
86630;Кабардино-Балкария;Чегем Первый
86631;Кабардино-Балкария;Прохладный
86632;Кабардино-Балкария;Терек
86633;Кабардино-Балкария;Майский
86634;Кабардино-Балкария;Баксан
86635;Кабардино-Балкария;Нарткала
86636;Кабардино-Балкария;Кашхатау
86637;Кабардино-Балкария;Залукокоаже
86638;Кабардино-Балкария;Терскол
86638;Кабардино-Балкария;Тырныауз
8672;Северная Осетия;Владикавказ
86731;Северная Осетия;Алагир
86732;Северная Осетия;Ардон
86733;Северная Осетия;Дигора
86734;Северная Осетия;Чикола
86735;Северная Осетия;Эльхотово
86736;Северная Осетия;Моздок
86737;Северная Осетия;Беслан
86738;Северная Осетия;Октябрьское
86739;Северная Осетия;Архонская
8712;Чеченская Республика;Грозный
87135;Чеченская республика;Шатой
87142;Чеченская республика;Ачхой-Мартан
87145;Чеченская республика;Урус-Мартан
87148;Чеченская республика;Ножай-Юрт
87155;Чеченская республика;Курчалой
8722;Дагестан;Махачкала
87230;Дагестан;Сергокала
87232;Дагестан;Карабудахкент
87239;Дагестан;Кизляр
87240;Дагестан;Дербент
87247;Дагестан;Бабаюрт
87252;Дагестан;Леваши
87260;Дагестан;Акуша
87261;Дагестан;Тарумовка
8732;Ингушетия;Назрань
8772;Адыгея;Майкоп
87770;Адыгея;Кошехабль
87771;Адыгея;Тахтамукай
87772;Адыгея;Адыгейск
87773;Адыгея;Хакуринохабль
87777;Адыгея;Тульский
87778;Адыгея;Красногвардейское
87779;Адыгея;Гиагинская
8782;Карачаево-Черкессия;Черкесск
87822;Карачаево-Черкессия;Черкесск
87873;Карачаево-Черкессия;Хабез
87874;Карачаево-Черкессия;Кавказский
87875;Карачаево-Черкессия;Усть Джегута
87878;Карачаево-Черкессия;Зеленчукская
87879;Карачаево-Черкессия;Карачаевск
87922;Ставропольский край;Минеральные Воды
8793;Ставропольский край;Пятигорск
87932;Ставропольский край;Железноводск
87934;Ставропольский край;Ессентуки
87935;Ставропольский край;Лермонтов
87937;Ставропольский край;Кисловодск
87938;Ставропольский край;Новопавловск
87951;Ставропольский край;Георгиевск
87961;Ставропольский край;Ессентукская
87964;Ставропольский край;Курская
